Theme,Question,Reponse
Grossesse,comment prendre soin de moi pendant la grossesse ?, Vous devez plus vous reposer et manger davantage. 
Grossesse,Quels sont les signes de danger que les femmes enceintes doivent connaître ?,"Les signes de danger incluent des saignements abondants, des douleurs abdominales sévères, des maux de tête persistants, une augmentation soudaine du gonflement des doigts, du visage et des jambes, et tout changement de mouvement du fœtus."
Grossesse,Que devrais-je manger pour rester en bonne santé pendant ma grossesse ? Quels aliments sont bons pour une femme enceinte ?,"Je vous recommande de suivre une alimentation saine, riche en fruits, légumes, protéines et grains entiers, tout en maintenant une activité physique modérée. Cela vous aidera à rester en bonne santé et à éviter un gain de poids excessif."
Grossesse,Devrais-je prendre des suppléments alimentaires pendant ma grossesse ?,"Oui, dans les populations sous-alimentées, une supplémentation alimentaire équilibrée en énergie et en protéines est recommandée pour réduire les risques de mortinaissance et de petite taille pour l’âge gestationnel de votre bébé."
Grossesse,Dois-je prendre du fer et de l'acide folique pendant ma grossesse ?,"Oui, je recommande une supplémentation quotidienne en fer (30 à 60 mg) et en acide folique (400 µg). Cela aide à prévenir l'anémie et d'autres complications comme le faible poids à la naissance."
Grossesse,Dois-je prendre de la vitamine A pendant ma grossesse ?,La supplémentation en vitamine A n'est recommandée que si vous vivez dans une région où cette carence est un problème de santé publique sévère. Cela peut aider à prévenir des problèmes comme la cécité nocturne.
Grossesse,Quelle aliment consonmer pendant la grossesse,"Les aliments que vous devriez manger davantage sont des légumes, de la viande. Essayez aussi de manger des fruits, des haricots, du poisson, des œufs, du fromage et du lait. "
Grossesse,Devrais-je prendre des suppléments de zinc pendant ma grossesse ? Est-ce qu'on peut consommer du zinc pendant la grossesse?,La supplémentation en zinc n'est recommandée que dans le cadre d'une recherche rigoureuse. NON RECOMMANDé
Grossesse,Est-ce que la vitamine B6 est bénéfique pendant la grossesse ?,La supplémentation en vitamine B6 (pyridoxine) n’est pas recommandée pour améliorer les résultats maternels et périnatales de votre grossesse.  NON RECOMMANDé
Grossesse,Que dire des vitamines E et C ? Devrais-je les prendre ? Pendant ma grossesse.,Les suppléments de vitamines E et C ne sont pas recommandés pour les femmes enceintes pour améliorer les résultats de grossesse.  NON RECOMMANDé
Grossesse,"Et la vitamine D, devrais-je la prendre pendant ma grossesse ?","Actuellement, la supplémentation en vitamine D n'est pas recommandée pour améliorer les résultats de la grossesse.  NON RECOMMANDé"
Grossesse,"À propos de la caféine, est-ce que je devrais en réduire ma consommation ? Est-ce qu'on peut consommer où boire de la caféine pendant la grossesse?","Si vous consommez plus de 300 mg de caféine par jour, il est conseillé de réduire votre consommation pendant la grossesse, car cela peut réduire le risque d’arrêt de grossesse et de faible poids de naissance."
Grossesse,La cardiotocographie est-elle nécessaire pendant ma grossesse ?,La cardiotocographie prénatale systématique n'est pas recommandée pour améliorer les résultats de la grossesse.  NON RECOMMANDé
Grossesse,Pourquoi devrais-je avoir une échographie tôt dans ma grossesse ?,"Une échographie avant 24 semaines est recommandée pour estimer l'âge gestationnel, détecter des anomalies fœtales et des grossesses multiples, et améliorer le vécu de la grossesse par les femmes."
Grossesse,Devrais-je me faire vacciner contre le tétanos pendant ma grossesse ?,"Oui, la vaccination par l'anatoxine tétanique est recommandée pour toutes les femmes enceintes, en fonction de leur exposition antérieure à la vaccination antitétanique. Cela aide à prévenir la mortalité néonatale due au tétanos."
Grossesse,Que dois-je faire si je vis dans une zone où le paludisme est courant ?,"Dans ces zones, un traitement préventif intermittent par sulfadoxine-pyriméthamine est recommandé pour toutes les femmes enceintes. Ce traitement doit commencer au cours du deuxième trimestre et être administré en trois doses espacées d'au moins un mois.  NON RECOMMANDé"
Grossesse,Existe-t-il des options de prévention contre le VIH pour les femmes enceintes ? Comment éviter le VIH SIDA?,"Oui, pour les femmes enceintes présentant un risque substantiel d'infection par le VIH, une prophylaxie orale préexposition incluant du fumarate de ténofovir disoproxil (TDF) peut être proposée comme option préventive supplémentaire dans le cadre d'approches préventives combinées."
Grossesse,Que puis-je faire pour soulager mes nausées ?,"Pour soulager les nausées pendant le début de la grossesse, le gingembre, la camomille, la vitamine B6 et/ou l'acupuncture sont recommandés, selon vos préférences et les options disponibles."
Grossesse,Comment puis-je gérer les brûlures d'estomac ? Je souffre des brûlures d'estomac!,"Il est conseillé d’apporter des modifications au régime alimentaire et au mode de vie pour prévenir et soulager les brûlures d’estomac. Si les symptômes persistent, des préparations antiacides peuvent être proposées."
Grossesse,Que puis-je faire contre les crampes dans les jambes ? Que faire pour éviter les douleur des jamabes ?,"Vous pouvez utiliser des suppléments de magnésium ou de calcium, ou d'autres options non pharmacologiques pour soulager les crampes dans les jambes, selon vos préférences et les options disponibles."
Grossesse,Quelle est la meilleure façon de prévenir les douleurs lombaires et pelviennes ?,"Un exercice régulier est recommandé tout au long de la grossesse pour prévenir les douleurs lombaires et pelviennes. D'autres solutions comme la kinésithérapie ou l'acupuncture peuvent aussi être efficaces, selon vos préférences."
Grossesse,Comment faire face à la constipation pendant la grossesse ?,"Si la constipation ne s'améliore pas avec les modifications alimentaires, vous pouvez utiliser des suppléments à base de son de blé ou d'autres fibres, en fonction de vos préférences."
Grossesse,Que puis-je faire pour soulager les varices et les œdèmes ? Comment éviter les  varices et les oedèmes?,"Des options non pharmacologiques telles que le port de bas ou de chaussettes de contention, la surélévation des jambes, ou l'immersion dans l'eau peuvent être utiles."
Grossesse,Pourquoi devrais-je garder mes notes de consultation ?,"Il est recommandé que chaque femme enceinte conserve ses notes de consultation pour améliorer la continuité et la qualité des soins, ainsi que pour enrichir son expérience de grossesse."
Grossesse,Quels sont les importance des suivis pendant la grossesse ?,Un modèle de continuité des soins où une sage-femme connue soutient la femme à chaque étape de la grossesse est très bénéfique. Cela est particulièrement recommandé lorsque les programmes de soins obstétricaux fonctionnent bien.
Grossesse,Comment prendre soin de son corps pendant la grossesse ? ,"Hydratez votre peau avec des soins anti-vergetures et massez les zones à risque. Protégez votre peau du soleil pour éviter le ""masque de grossesse""."
Grossesse,Peut-on faire du sport pendant la grossesse ?,"Oui, les activités physique sont récommande . Cependant, il est conseiller de faire des activités douces comme la marche, la natation, ou le yoga prénatal, mais évitez les sports à haute intensité. L’exercice aide à maintenir votre énergie et votre bien-être."
Grossesse,Combien d'eau devrais-je boire par jour ?,"Visez 1,5 à 2 litres d'eau par jour. Une bonne hydratation est cruciale pour vous et le bébé, car elle aide à prévenir les infections urinaires et la rétention d'eau."
Grossesse,Que faire pour les médicaments ?,"Évitez l'automédication et demandez conseil à un médecin avant de prendre tout traitement, y compris les huiles essentielles."
Grossesse,Quelles boissons sont à éviter pendant la grossesse ?,"Évitez l'alcool et le tabac. Limitez la caféine, qui peut nuire au développement du bébé. Remplacez le café et le thé par des boissons décaféinées ou des tisanes."
Grossesse,Quels aliments privilégier ? Quelles sont les aliments à consommer pendant la grossesse?,"Optez pour une alimentation variée et équilibrée, riche en fruits, légumes, céréales complètes, légumineuses, produits laitiers et aliments riches en Omega 3. Les fibres sont recommandées pour éviter la constipation."
Grossesse,Quels aliments dois-je éviter ?,"Évitez les œufs crus, certaines charcuteries, viandes et poissons crus, et fromages non pasteurisés en raison des risques de listériose et de salmonellose. Si vous n'êtes pas immunisée contre la toxoplasmose, lavez soigneusement vos fruits et légumes."
Grossesse,Pourquoi suis-je si fatiguée pendant les premiers mois de ma grossesse ?,"Les changements hormonaux, notamment une augmentation de la progestérone, peuvent entraîner une fatigue accrue. Il est conseillé de se reposer autant que possible, en incluant des siestes et des grasses matinées sans culpabilité. Cette fatigue devrait diminuer au cours du deuxième trimestre."
Grossesse,"Quels sont les risques si je souffre d'anémie, pendant la grossesse ?","Si vous êtes anémiée, cela peut limiter la capacité de votre sang à transporter l'oxygène, ce qui peut entraîner plusieurs problèmes, tels qu'une fatigue excessive, des essoufflements, et même un risque accru d'accouchement prématuré. De plus, le fœtus peut ne pas recevoir suffisamment d'oxygène pour un développement sain, ce qui est particulièrement crucial pour la croissance cérébrale."
Grossesse,Quels sont les symptômes de l'anémie pendant la grossesse ?,"L'anémie peut être initialement asymptomatique ou provoquer des symptômes vagues, comme de la fatigue, de la faiblesse et des vertiges. Vous pourriez également remarquer une pâleur. Dans les cas graves, des symptômes tels qu'un pouls rapide et faible, des évanouissements et une pression artérielle basse peuvent se manifester."
Grossesse,Comment l'anémie est-elle diagnostiquée pendant la grossesse ?,"L'anémie est généralement détectée lors d'une numération formule sanguine de routine, effectuée lors du premier examen après confirmation de la grossesse."
Grossesse,Quels traitements sont disponibles pour l'anémie pendant la grossesse ?,"Le traitement dépend de la cause de l'anémie. Pour une carence en fer, des suppléments de fer sont souvent prescrits. Dans les cas sévères, des transfusions sanguines peuvent être nécessaires si vous présentez des symptômes intenses, si l'anémie affecte votre respiration ou votre rythme cardiaque, ou si le rythme cardiaque du fœtus est anormal."
Grossesse,Quelles sont les causes d'anémie pendant la grossesse ?,"La cause la plus fréquente de l'anémie pendant la grossesse est la carence en fer, responsable de près de 95 % des cas. Cela peut découler d'une consommation insuffisante de fer dans l'alimentation, de pertes récurrentes de fer dues aux règles, ou de pertes de sang lors de grossesses précédentes."
Grossesse,Quelles infections peuvent affecter ma grossesse ?,"Plusieurs infections courantes, comme celles des voies urinaires et respiratoires, ne causent généralement pas de problèmes majeurs. Cependant, certaines infections peuvent être transmises au fœtus, entraînant des complications graves, comme des malformations congénitales, des fausses couches ou des naissances prématurées."
Grossesse,Quels types d’infections sexuellement transmissibles (IST) devraient m'inquiéter ?,"Les IST suivantes peuvent avoir des conséquences sérieuses : * Chlamydia : Risque de rupture prématurée des membranes et d’accouchement prématuré. Peut provoquer une conjonctivite chez le nouveau-né. * Gonorrhée : Peut également entraîner une conjonctivite chez le nouveau-né. * Syphilis : Peut causer des malformations congénitales et est systématiquement dépistée en début de grossesse. * Un traitement précoce est efficace pour la mère et le fœtus. * VIH : Environ 25 % des cas non traités peuvent être transmis au fœtus. Un traitement antirétroviral est essentiel. * Herpès génital : Peut être transmis au nouveau-né lors de l'accouchement, entraînant des complications graves. La prophylaxie est recommandée si des antécédents d'herpès existent."
Grossesse,Quelles autres infections virales peuvent avoir un impact sur le fœtus ?,D'autres infections comme : * Virus Zika : Peut provoquer une microcéphalie et des anomalies oculaires. * Rubéole : Risque de malformations congénitales et de retard de croissance. * Cytomégalovirus : Peut endommager le foie et le cerveau du fœtus. * Varicelle : Risque accru de fausse couche et de malformations congénitales. * Toxoplasmose : Peut entraîner des fausses couches et des malformations congénitales.
Grossesse,Comment les infections des voies urinaires affectent-elles la grossesse ?,Ces infections augmentent le risque d’accouchement prématuré et de rupture prématurée des membranes. Il est crucial de les traiter rapidement.
Grossesse,Quel est le traitement des infections pendant la grossesse ?,"Le traitement dépend de l'infection et des risques potentiels pour la mère et le fœtus. Certains antibiotiques, comme les pénicillines et les céphalosporines, sont généralement sûrs. Les médicaments antiviraux sont souvent sûrs, mais une consultation médicale est essentielle avant tout traitement. Pour des infections asymptomatiques, comme la vaginose bactérienne, il peut ne pas être nécessaire de traiter."
Grossesse,Comment les infections hépatites affectent-elles la grossesse ?,"Bien que souvent transmises par d’autres voies que sexuelles, les hépatites peuvent accroître le risque de naissance prématurée et peuvent être transmises au bébé lors de l'accouchement."
Grossesse,Quel est le risque de développer des caillots sanguins pendant la grossesse ?,"Les femmes enceintes sont à un risque accru de développer des caillots sanguins, y compris la thrombose veineuse profonde (TVP) et l’embolie pulmonaire (EP). Ce risque est particulièrement élevé pendant la grossesse et peut persister pendant environ 6 semaines après l’accouchement, notamment après une césarienne."
Grossesse,"Quels sont les symptômes d'une thrombose veineuse profonde ? Qu'est ce qui peut causer un gonflement, une douleur ou une sensibilité dans une jambe?","Les symptômes d'une TVP peuvent inclure un gonflement, une douleur ou une sensibilité dans une jambe, généralement au niveau du mollet ou de la cuisse. Si vous ressentez un gonflement accompagné de douleur ou d'autres symptômes, il est important de consulter un médecin immédiatement."
Grossesse,Comment les caillots sanguins peuvent-ils se déplacer et causer des complications ?,Comment les caillots sanguins peuvent-ils se déplacer et causer des complications ?
Grossesse,Quels tests sont utilisés pour diagnostiquer les caillots sanguins pendant la grossesse ?,"Si une thrombose est suspectée, une échographie Doppler des jambes est souvent effectuée pour détecter la présence de caillots. Pour un cas suspect d’embolie pulmonaire, une tomodensitométrie avec produit de contraste, connue sous le nom d’angiographie, peut être réalisée. Cette méthode est relativement sûre pendant la grossesse."
Grossesse,Quel traitement est recommandé en cas de diagnostic de caillot sanguin ?,"Si un caillot est détecté, le traitement par héparine est généralement débuté immédiatement. L’héparine est un anticoagulant qui n'affecte pas le fœtus car elle ne traverse pas le placenta. Ce traitement se poursuit pendant 3 à 6 mois, avec la possibilité d’un traitement d’héparine à faible dose après l’accouchement pendant au moins 6 semaines."
Grossesse,Quelles options de traitement existent après l’accouchement ?,"Après l’accouchement, la warfarine peut être prescrite, surtout si le traitement est nécessaire pour plus de 6 à 8 semaines. La warfarine, administrée par voie orale, présente généralement moins de risques de complications que l'héparine et est considérée comme sûre pendant l'allaitement."
Grossesse,Que puis-je faire pour prévenir les caillots sanguins pendant la grossesse ?,"Il est conseillé de rester active, de faire des pauses régulières si vous êtes assise longtemps, d'hydrater correctement et de discuter avec votre médecin si vous avez des antécédents de caillots sanguins. Si vous avez déjà eu une TVP, une prophylaxie par héparine peut être indiquée lors de futures grossesses."
Accouchement,Comment les jeunes mères peuvent-elles préparer un plan d'accouchement efficace ?,"Elles devraient inclure leurs préférences en matière d'accouchement, les signes à surveiller et les mesures à prendre en cas d'urgence."
Accouchement,Quels conseils les jeunes mères devraient-elles suivre après l'accouchement pour leur santé et celle du bébé ?,"Elles doivent surveiller des signes comme des saignements excessifs, des douleurs extrêmes, et s'assurer que le bébé tète bien et prend du poids."
Accouchement,Pourquoi est-il crucial qu'une femme accouche en présence d'un accoucheur qualifié ?,"Un accoucheur qualifié peut assurer une prise en charge sûre durant le travail et l'accouchement, tout en gérant les complications éventuelles."
Accouchement,Que se passe-t-il si des complications surviennent pendant l'accouchement ?,"Un accoucheur qualifié est capable de gérer les complications et, si nécessaire, de transférer la femme ou le nouveau-né vers un établissement de santé approprié pour des soins supplémentaires."
Accouchement,Quelles informations les femmes doivent-elles connaître avant l'accouchement ?,"Elles doivent être conscientes des signes du travail, des méthodes de gestion de la douleur, et des options d'accouchement"
Accouchement,Quel rôle la famille joue-t-elle durant l'accouchement ?,"La famille peut fournir un soutien émotionnel et logistique, en aidant la femme à accéder aux soins nécessaires."
Accouchement,Pourquoi est-il important d'avoir une personne à ses côtés pendant les premières 24 heures après l'accouchement ?,"La présence d'un proche offre un soutien émotionnel, aide à la prise en charge du nouveau né, et garantit que la mère peut se reposer."
Accouchement,Quel est le rôle du repos après l'accouchement ?,Se reposer aide à favoriser la guérison et à se remettre des efforts physiques du travail et de l'accouchement.
Accouchement,Quels sont les saignements normaux après l'accouchement ?,"Des saignements vaginaux légers, appelés lochies, sont normaux pendant quelques semaines. Une consultation est nécessaire si les saignements augmentent."
Accouchement,Quelles sont les recommandations en matière d'hygiène personnelle après l'accouchement ?,"Utiliser des protections périodiques propres, se laver régulièrement les mains et éviter d'insérer des objets dans le vagin."
Accouchement,Pourquoi est-il important de manger une variété d’aliments après l’accouchement ?,"Une alimentation variée contribue à la récupération de la mère et à la fourniture des nutriments nécessaires pour le lait maternel, assurant ainsi la santé du bébé."
Accouchement,Quelles sont les étapes de l'accouchement ?,L'accouchement se compose de trois étapes principales : 1-Le travail : Les contractions ouvrent le col de l’utérus. 2-L’expulsion du bébé : Le bébé traverse le canal génital et est expulsé. 3-La délivrance du placenta : Le placenta est ensuite expulsé.
Accouchement,Où vais-je accoucher? ,"Vous accoucherez généralement dans un hôpital ou une maternité. Selon l'établissement, vous pourriez passer d'une salle de travail à une salle de naissance, ou rester dans la même pièce tout au long du processus."
Accouchement,Que se passe-t-il pendant le travail ? Le travail pendant l'accouchement c'est quoi?,"Pendant le travail, vous serez assistée par le personnel médical qui vous aidera à adopter des positions confortables. Ils examineront votre vagin pour suivre la progression de la naissance et vous demanderont de pousser pendant les contractions."
Accouchement,Comment puis-je gérer la douleur pendant l'accouchement ?,"Il existe plusieurs options pour gérer la douleur, comme des techniques de respiration, des positions spécifiques, ou des analgésiques comme la péridurale. Nous discuterons des différentes méthodes pour choisir celle qui vous convient le mieux."
Accouchement,Que se passe-t-il après la naissance ?,"Après la naissance, nous aspirerons le liquide dans le nez et la bouche de votre bébé, puis nous clamperons et sectionnerons le cordon ombilical. Ensuite, votre bébé sera séché et enveloppé, et vous pourrez le tenir dans vos bras pour créer un lien."
Accouchement,Que faire si le placenta ne se dégage pas ? Combien de temps le placenta sort après l'accouchement?,"Si le placenta ne se dégage pas spontanément dans les 30 minutes suivant la naissance, nous pouvons vous administrer de l'ocytocine pour aider l'utérus à se contracter. Si nécessaire, nous devrons peut-être retirer le placenta manuellement."
Accouchement,Quels soins vais-je recevoir après l’accouchement ?,"Après l'accouchement, vous recevrez des soins pour surveiller votre rétablissement et celui de votre bébé. Le staff médical vérifiera régulièrement votre état et celui de votre enfant durant les premières heures."
Vaccination,Quelles sont les recommandations pour les visites postnatales ?,"Une visite doit avoir lieu dans les 24 heures suivant l'accouchement, suivie de visites supplémentaires à 7-14 jours et 4-6 semaines après."
Vaccination,Pourquoi est-il important de suivre le calendrier vaccinal pour mon enfant ?,Suivre le calendrier vaccinal permet de protéger votre enfant contre des infections graves. Les vaccins renforcent le système immunitaire et préviennent des maladies communicables qui peuvent entraîner des complications.
Vaccination,À quel âge mon enfant doit-il recevoir son premier vaccin ?,"Le premier vaccin, le BCG contre la tuberculose, est recommandé à la naissance. Il est essentiel d'initier les vaccinations dès le début pour assurer une protection rapide."
Vaccination,Que comprend le vaccin administré à 3 mois ?,"À 3 mois, votre enfant reçoit le DTC (diphtérie, tétanos, coqueluche), ainsi que des doses supplémentaires d'Hépatite B et de VPO (poliomyélite), ainsi que le PCV13 contre les infections à pneumocoques. Cela contribue à une protection contre plusieurs maladies graves."
Vaccination,Est-il sûr de vacciner mon enfant s'il est malade le jour prévu ?,"Si votre enfant a une maladie bénigne, il est généralement sûr de continuer avec les vaccinations. Cependant, si vous avez des doutes, il est préférable de consulter votre médecin pour des conseils adaptés"
Vaccination,Comment puis-je m'assurer que mon enfant reçoit tous ses vaccins à temps ?,Vous pouvez créer un calendrier ou des rappels dans votre téléphone pour suivre les dates de vaccination. Assurez-vous d'avoir toutes les informations nécessaires avec votre pédiatre et n'hésitez pas à poser des questions lors des visites.
Vaccination,Que dois-je faire si mon enfant n'a pas reçu un vaccin à l'âge recommandé ?,Ne vous inquiétez pas. Il est possible de rattraper les vaccinations manquées jusqu'à 23 mois. Consultez votre pédiatre pour établir un plan vaccinal approprié.
Vaccination,Quels vaccins doit recevoir mon enfant à la naissance ? Quels vaccins doit recevoir mon bébé à la naissance ?," À la naissance, votre enfant doit recevoir : * BCG : Vaccin contre la tuberculose. * VPO : Vaccin contre la poliomyélite. * Hépatite B : Vaccin contre l'hépatite B"
Vaccination,Quels vaccins doit recevoir mon enfant à 2 mois ?,"À 2 mois, les vaccins suivants sont administrés : * DTC-HepB-Hib 1(penta1) : Vaccin contre Diphtérie, Tétanos, Coqueluche, Hépatite B, Hémophilius Influenzae b. * VPO 1 : Deuxième dose contre la poliomyélite. * Pneumo 1(PCV13) : Infection à Pneumocoques (13 sérotypes) dose 1. * Rota 1 : Diarrhée à Rota virus. "
Vaccination,Quels vaccins doit recevoir mon enfant à 3 mois ?,"À 3 mois, les vaccins suivants sont administrés : * DTC-HepB-Hib 2(penta2) : Vaccin contre Diphtérie, Tétanos, Coqueluche, Hépatite B, Hémophilius Influenzae b. * VPO 2 : Deuxième dose contre la poliomyélite. * Rota 2 : Diarrhée à Rota virus."
Vaccination,Quels vaccins doit recevoir mon enfant à 4 mois ?,"À 4 mois, les vaccins suivants sont administrés : * DTC-HepB-Hib 3(penta1) : Vaccin contre Diphtérie, Tétanos, Coqueluche, Hépatite B, Hémophilius Influenzae b. * VPO 3 : Deuxième dose contre la poliomyélite. * Pneumo 2(PCV13) : Infection à Pneumocoques (13 sérotypes) dose 2. * Rota 3 : Diarrhée à Rota virus. * VPI : Poliomyélite"
Vaccination,Y a-t-il des vaccins à 9 mois ?,"À 9 mois, les vaccins suivants sont administrés : * RR1 : Vaccin contre Rougeole et Rubéole. * VAA : Fièvre jaune. * Pneumo 3(PCV13) : Infection à Pneumocoques (13 sérotypes) dose 3. * VPI 2: Poliomyélite."
Vaccination,Y a-t-il des vaccinations à 15 mois ?,"À 15 mois, les vaccins suivants sont administrés : * RR2 : Vaccin contre Rougeole et Rubéole. * MenA(MenAfriVac): Méningite."
Vaccination,Quand donner le vaccin DTC à mon enfant ?,"Le vaccin DTC se fait à 6, 10 et 14 semaines après la naissance."
Vaccination,Comment détecter une fièvre chez mon bébé ?,Utilisez un thermomètre et une température supérieure à 38°C est considérée comme fièvre.
Vaccination,Quand introduire les aliments solides ?,Les aliments solides peuvent être introduits à partir de 6 mois.
Conseils,Quand les jeunes mères peuvent-elles reprendre les relations sexuelles après l'accouchement ?,Il est conseillé d'attendre que toutes les douleurs soient disparues et que les lésions périnéales soient guéries.
Conseils,Quelles étapes les jeunes mères doivent-elles suivre pour accéder aux soins en cas d'urgence ?,"Elles devraient identifier les hôpitaux ou cliniques à proximité, élaborer un plan de transport et s'assurer qu'elles ont des contacts d'urgence inscrits sur leur téléphone."
Conseils,Que doit faire une femme après un avortement pour s'assurer de son bien-être ?,"Il est conseillé de se reposer, de surveiller les saignements vaginaux, de soulager toute douleur avec des antalgiques légers et de maintenir une bonne hygiène."
Conseils,Quels saignements sont considérés comme normaux après un avortement ?,"Des saignements vaginaux légers, ressemblant à des règles, peuvent se produire pendant plusieurs semaines."
Conseils,Quelles sont les recommandations concernant les relations sexuelles après un avortement ?,Il est conseillé d’éviter les relations sexuelles et l’introduction de tout objet dans le vagin tant que le saignement n’a pas cessé.
Conseils,Quand une femme peut-elle recommencer à utiliser la contraception après un avortement ?,"Dans l’absence de complications, beaucoup de méthodes contraceptives peuvent être utilisées immédiatement après. Mais il est important de discutez avec un agent de santé pour choisir la méthode de planification familiale la plus adaptée."
Conseils,Quels signes devraient inciter une femme à consulter immédiatement un centre de santé après un avortement ?,"Les signes incluent une augmentation des saignements, de la fièvre, des douleurs abdominales, des nausées, ou des pertes vaginales malodorantes."
Conseils,Combien de temps une femme devrait-elle attendre avant de tomber enceinte après un avortement ?,Il est généralement recommandé d’attendre au moins six mois avant d’envisager une nouvelle grossesse.
Conseils,Comment créer un environnement propice pour la mère et le nouveau-né ?,"Assurer un espace chaud et ventilé, bien entretenu et hygiénique pour permettre une bonne récupération."
Conseils,Quelles sont les recommandations pour les femmes et les nouveau-nés dans les zones à risque de paludisme ?,Dormir sous une moustiquaire imprégnée d'insecticide est essentiel pour protéger la mère et l'enfant.
Conseils,Quels sont les signes de danger qui nécessitent une consultation immédiate en cas de post-partum ?,"Une femme doit se rendre à l'hôpital ou au centre de santé sans attendre si elle présente les symptômes suivants, de jour comme de nuit : *Augmentation du saignement vaginal. * Convulsions. * Respiration difficile ou rapide. * Fièvre avec une grande faiblesse pour se lever. * Céphalées sévères accompagnées de troubles de la vision. * Enflure, rougeur ou sensibilité des seins ou des mamelons. * Difficultés à uriner ou incontinence. * Douleur, rougeur ou gonflement au niveau du mollet ; difficultés à respirer ou douleurs thoraciques."
Conseils,Quels signes nécessitent une consultation rapide mais peuvent être gérés dans un centre de santé ?,"Il est important de consulter si la femme présente : * Une augmentation de la douleur ou une infection périnéale. * Infection de la plaie (avec rougeur, gonflement, douleur ou pus). * Pertes vaginales malodorantes. * Symptômes de dépression sévère ou comportements suicidaires (idées suicidaires, plan ou tentative)."
Conseils,Pourquoi est-il important de surveiller ces signes après l’accouchement ?,"Une surveillance attentive peut prévenir des complications graves et assurer une prise en charge rapide, ce qui est crucial pour la santé de la mère."
Conseils,Comment dois-je prendre soin de l'ombilic de mon bébé ?,Faites les soins de l’ombilic avec précaution et ne mettez rien dessus pour éviter les infections.
Conseils,Quand mon bébé doit-il voir un agent de santé après la naissance ?,"L'accouchement doit être assisté par un sage femme. Dans le cas échéant, vous devez vous rendre à l'hopital après la naissance du bébé. "
Conseils,Quand mon bébé doit-il voir un agent de santé après la naissance ?,"Vous devez consulter un agent de santé le 3ème jour, entre le 7ème et le 14ème jour, puis entre la 4ème et la 6ème semaine. L'enfant sera vacciné lors de la visite de la 6ème semaine."
Conseils,Quels signes indiquent que je dois consulter immédiatement un professionnel de santé pour mon nouveau-né ?,"Consultez immédiatement, de jour comme de nuit, SANS ATTENDRE, si votre bébé présente l'un des signes suivants : * Difficulté à respirer ou tirage sous-costal. * Convulsions. * Fièvre. * Température froide. * Saignement. * Refus de s'alimenter. * Jaunisse (paume des mains ou plante des pieds jaunes). * Diarrhée."
Conseils,Quels sont les signes qui nécessitent une consultation rapide mais ne nécessitent pas une visite urgente ?,Rendez-vous au centre de santé rapidement si votre nouveau-né présente l’un des signes suivants : * Difficulté à s’alimenter (mauvaise prise du sein ou tétée inappropriée). * Moins de 8 tétées en 24 heures. * Sécrétion de pus des yeux ou pustules cutanées. * Ombilic irrité avec sécrétions de pus ou de sang. * Jaunisse (yeux ou peau jaunes). * Ulcérations ou muguet (plaques blanches) dans la bouche (différent du lait maternel).
Conseils,Quel est l'avantage d'attendre au moins 24 mois après un accouchement avant d'être à nouveau enceinte ?,"Attendre cet intervalle peut être bénéfique pour la santé de la mère et de l’enfant, car cela permet à la mère de récupérer pleinement avant d’entamer une nouvelle grossesse."
Conseils,Comment l'espacement des naissances aide-t-il la mère à se rétablir ?,"Cela permet à la mère de récupérer sur le plan physique et psychologique, avant de devoir gérer les exigences d'une nouvelle grossesse, d'un accouchement et de l'allaitement."
Conseils,Pourquoi est-il essentiel pour la jeune mère de se nourrir sainement après l'accouchement ?,Une alimentation équilibrée permet une meilleure récupération et assure une nutrition adéquate pour l'allaitement.
Conseils,Quelles sont les recommandations concernant l'alimentation du nouveau-né ?,L'allaitement exclusif est recommandé pendant les six premiers mois. Les mères doivent être informées des bonnes pratiques d'allaitement.
Conseils,Quelles sont les quantités d'aliments recommandées pour une bonne nutrition ?,* Viande ou poisson : 1 à 2 portions par jour (environ 100-150g). * Huiles : 2 à 4 cuillères à soupe par jour. * Noix et graines : une petite poignée par jour. * Céréales : 3 à 5 portions par jour (une portion = 1 tasse de céréales cuites). * Légumes : au moins 5 portions par jour (une portion = 1/2 tasse). * Produits laitiers : 2 à 3 portions par jour (1 verre de lait ou 1 fromage).
Conseils,Les femmes peuvent-elles manger leurs aliments habituels pendant l'allaitement ?,"Oui, la mère peut continuer à consommer tous les aliments qu’elle mange habituellement sans crainte que cela nuise à la santé de l’enfant."
Conseils,Comment faire un positionnement correct du bébé pendant l'allaitement? ," Le positionnement est correct quand : • la tête et le corps de l’enfant sont bien soutenus et près du corps de la mère • son visage et son ventre sont face à la mère • son oreille et son épaule sont dans le même axe, le cou n’étant pas tordu.  • la bouche de l’enfant recouvre la plupart de l’aréole (la partie sombre du mamelon), une partie de l’aréole étant visible au-dessus de la bouche de l’enfant  • la bouche de l’enfant est grande ouverte  • le menton de l’enfant touche le sein  • la lèvre inférieure est éversée"
Conseils,À quelle fréquence devrais-je allaiter mon bébé ?,"Encouragez la mère à allaiter fréquemment, de jour comme de nuit, et à laisser l’enfant se nourrir aussi longtemps qu’il le souhaite. Il est normal que l’enfant tète jusqu’à huit fois par jour. Les signes qu’un bébé a besoin d’être allaité incluent le fouissement, la recherche du mamelon ou le fait de téter sa main."
Conseils,Dois-je donner d'autres aliments ou boissons à mon enfant ?,"Rassurez les parents qu’il n’y a aucun besoin de donner d’autres aliments ou boissons, même pas de l’eau. Le lait maternel contient tout ce qu’il faut pour l’enfant."
Conseils,Que faire si j’ai besoin d’aide pour l’allaitement ?,"Aidez la mère chaque fois qu’elle en a besoin, surtout si c’est son premier enfant, s’il s’agit d’une adolescente ou d’une mère ayant d’autres besoins particuliers."
Conseils,Comment dois-je gérer le changement de sein lors de l’allaitement ?,Expliquez à la mère de laisser l’enfant terminer le premier sein et d’interrompre la tétée spontanément avant de le mettre à l’autre sein.
Conseils,Est-ce important de changer de sein à chaque tétée ?,"Oui, encouragez la mère à commencer l’allaitement par un sein différent à chaque fois. Par exemple, si elle commence avec le sein gauche, elle devrait commencer avec le sein droit lors de la tétée suivante."
Conseils,Que faire si j’ai des difficultés avec l’allaitement ?,"Demandez l'avis d'un médecin qui vas: Conseillez à la mère de chercher de l’aide si l’enfant ne s’alimente pas bien ou si elle éprouve des difficultés ou des douleurs aux mamelons ou aux seins. Orientez-la, si nécessaire, vers un conseiller formé à l’alimentation du nourrisson."
Conseils,Quand commencer le suivi prénatal ?,Le suivi prénatal doit commencer dès que vous découvrez votre grossesse.
Conseils,Combien de consultations prénatales sont recommandées ?,Il est recommandé d’avoir au moins 4 consultations prénatales.
Conseils,Pourquoi l’acide folique est important pendant la grossesse ?,L’acide folique aide à prévenir les malformations du tube neural chez le bébé.
Conseils,Comment prévenir l’anémie pendant la grossesse ?,Mangez des aliments riches en fer et prenez les suppléments prescrits par le médecin.
Conseils,Quand consulter un médecin pendant la grossesse ?,"Consultez immédiatement si vous avez des saignements, douleurs abdominales ou fièvre."
Conseils,Comment gérer les nausées pendant la grossesse ?,"Mangez des petits repas fréquents, hydratez-vous et évitez les aliments gras ou épicés."
Conseils,Comment nourrir un nouveau-né ?,Le nouveau-né doit être nourri exclusivement au sein pendant les 6 premiers mois si possible.
Conseils,Quels sont les soins postnataux importants pour la mère ?,"Surveillez l’hygiène, la cicatrisation, et consultez un médecin en cas de saignement excessif."
Conseils,Comment prévenir les infections chez le nourrisson ?,"Lavez-vous les mains, évitez la foule et respectez le calendrier vaccinal."
Conseils,Quels sont les signes de malnutrition chez un enfant ?,"Perte de poids, retard de croissance, fatigue, et infections fréquentes."
Conseils,Comment stimuler le développement du bébé ?,"Parlez, chantez et jouez avec votre bébé pour stimuler ses sens et son développement."
Conseils,Quels sont les bienfaits de l’allaitement maternel ?,L’allaitement fournit tous les nutriments nécessaires et protège contre certaines maladies.
Conseils,Quand faire la première consultation postnatale ?,La première consultation postnatale doit se faire dans la semaine qui suit l’accouchement.
Conseils,Quels sont les signes de déshydratation chez le bébé ?,"Bouche sèche, pleurs sans larmes, moins de couches mouillées et somnolence."
